{"lr": 8.999999999999999e-06, "data_time": 0.246414852142334, "loss": 2.6051228284835815, "decode.loss_ce": 2.6051228284835815, "decode.acc_seg": 1.3495607376098633, "time": 14.390371608734132, "epoch": 1, "iter": 10, "step": 10}
{"lr": 8.999999999999999e-06, "data_time": 0.022987866401672365, "loss": 2.5039302825927736, "decode.loss_ce": 2.5039302825927736, "decode.acc_seg": 2.0816073417663574, "time": 13.472230458259583, "epoch": 1, "iter": 20, "step": 20}
{"lr": 8.999999999999999e-06, "data_time": 0.026222586631774902, "loss": 2.6598628520965577, "decode.loss_ce": 2.6598628520965577, "decode.acc_seg": 3.59443736076355, "time": 13.532306623458862, "epoch": 1, "iter": 30, "step": 30}
{"lr": 8.999999999999999e-06, "data_time": 0.020156121253967284, "loss": 2.5402350425720215, "decode.loss_ce": 2.5402350425720215, "decode.acc_seg": 4.53285551071167, "time": 13.494490170478821, "epoch": 1, "iter": 40, "step": 40}
{"lr": 8.999999999999999e-06, "data_time": 0.024849987030029295, "loss": 2.51681067943573, "decode.loss_ce": 2.51681067943573, "decode.acc_seg": 7.516820907592773, "time": 13.478426790237426, "epoch": 1, "iter": 50, "step": 50}
{"lr": 8.999999999999999e-06, "data_time": 0.01934235095977783, "loss": 2.4223119497299193, "decode.loss_ce": 2.4223119497299193, "decode.acc_seg": 7.66464376449585, "time": 13.464259934425353, "epoch": 1, "iter": 60, "step": 60}
{"lr": 8.999999999999999e-06, "data_time": 0.022599196434020995, "loss": 2.533121705055237, "decode.loss_ce": 2.533121705055237, "decode.acc_seg": 5.765473365783691, "time": 13.116629481315613, "epoch": 1, "iter": 70, "step": 70}
{"lr": 8.999999999999999e-06, "data_time": 0.017723655700683592, "loss": 2.4439806938171387, "decode.loss_ce": 2.4439806938171387, "decode.acc_seg": 10.374255180358887, "time": 13.418992233276366, "epoch": 1, "iter": 80, "step": 80}
{"lr": 8.999999999999999e-06, "data_time": 0.02129042148590088, "loss": 2.432295823097229, "decode.loss_ce": 2.432295823097229, "decode.acc_seg": 7.957716464996338, "time": 13.282994985580444, "epoch": 1, "iter": 90, "step": 90}
{"lr": 8.999999999999999e-06, "data_time": 0.020171856880187987, "loss": 2.4012478590011597, "decode.loss_ce": 2.4012478590011597, "decode.acc_seg": 13.363420486450195, "time": 13.369896459579468, "epoch": 1, "iter": 100, "step": 100}
{"lr": 8.999999999999999e-06, "data_time": 0.02235734462738037, "loss": 2.477648210525513, "decode.loss_ce": 2.477648210525513, "decode.acc_seg": 16.944568634033203, "time": 13.794674730300903, "epoch": 1, "iter": 110, "step": 110}
{"lr": 8.999999999999999e-06, "data_time": 0.01965796947479248, "loss": 2.4337950229644774, "decode.loss_ce": 2.4337950229644774, "decode.acc_seg": 20.829254150390625, "time": 13.535154104232788, "epoch": 1, "iter": 120, "step": 120}
{"lr": 8.999999999999999e-06, "data_time": 0.01784837245941162, "loss": 2.520436239242554, "decode.loss_ce": 2.520436239242554, "decode.acc_seg": 27.012990951538086, "time": 13.270302987098693, "epoch": 1, "iter": 130, "step": 130}
{"lr": 8.999999999999999e-06, "data_time": 0.24124543666839598, "loss": 2.6513128995895388, "decode.loss_ce": 2.6513128995895388, "decode.acc_seg": 0.023131875321269035, "time": 20.982306408882142, "epoch": 1, "iter": 10, "step": 10}
{"lr": 8.999999999999999e-06, "data_time": 0.01977241039276123, "loss": 2.572134780883789, "decode.loss_ce": 2.572134780883789, "decode.acc_seg": 3.798571700242004e-12, "time": 19.738475847244263, "epoch": 1, "iter": 20, "step": 20}
{"lr": 8.999999999999999e-06, "data_time": 0.1719208002090454, "loss": 2.665790486335754, "decode.loss_ce": 2.665790486335754, "decode.acc_seg": 0.251952201128006, "time": 12.602384305000305, "epoch": 1, "iter": 10, "step": 10}
{"lr": 8.999999999999999e-06, "data_time": 0.01684072017669678, "loss": 2.558925008773804, "decode.loss_ce": 2.558925008773804, "decode.acc_seg": 0.3830949366092682, "time": 11.707045578956604, "epoch": 1, "iter": 20, "step": 20}
{"lr": 8.999999999999999e-06, "data_time": 0.01926467418670654, "loss": 2.578463912010193, "decode.loss_ce": 2.578463912010193, "decode.acc_seg": 0.16440820693969727, "time": 11.623765587806702, "epoch": 1, "iter": 30, "step": 30}
{"lr": 8.999999999999999e-06, "data_time": 0.014347696304321289, "loss": 2.5021270275115968, "decode.loss_ce": 2.5021270275115968, "decode.acc_seg": 0.11675982177257538, "time": 12.01753032207489, "epoch": 1, "iter": 40, "step": 40}
{"lr": 8.999999999999999e-06, "data_time": 0.017043638229370116, "loss": 2.6253120422363283, "decode.loss_ce": 2.6253120422363283, "decode.acc_seg": 0.6879521012306213, "time": 12.452242159843445, "epoch": 1, "iter": 50, "step": 50}
{"lr": 8.999999999999999e-06, "data_time": 0.01934969425201416, "loss": 2.502038836479187, "decode.loss_ce": 2.502038836479187, "decode.acc_seg": 0.3158828318119049, "time": 12.42477614879608, "epoch": 1, "iter": 60, "step": 60}
{"lr": 8.999999999999999e-06, "data_time": 0.014364957809448242, "loss": 2.499335026741028, "decode.loss_ce": 2.499335026741028, "decode.acc_seg": 0.9673491716384888, "time": 12.353256225585938, "epoch": 1, "iter": 70, "step": 70}
{"lr": 8.999999999999999e-06, "data_time": 0.016408920288085938, "loss": 2.512813854217529, "decode.loss_ce": 2.512813854217529, "decode.acc_seg": 0.7420589327812195, "time": 12.431499862670899, "epoch": 1, "iter": 80, "step": 80}
{"lr": 8.999999999999999e-06, "data_time": 0.0164844274520874, "loss": 2.450927758216858, "decode.loss_ce": 2.450927758216858, "decode.acc_seg": 1.6315350532531738, "time": 12.397357201576233, "epoch": 1, "iter": 90, "step": 90}
{"lr": 8.999999999999999e-06, "data_time": 0.017663288116455077, "loss": 2.417410635948181, "decode.loss_ce": 2.417410635948181, "decode.acc_seg": 2.864530086517334, "time": 12.388823390007019, "epoch": 1, "iter": 100, "step": 100}
{"lr": 8.999999999999999e-06, "data_time": 0.012330198287963867, "loss": 2.3404760122299195, "decode.loss_ce": 2.3404760122299195, "decode.acc_seg": 2.3961853981018066, "time": 12.406743717193603, "epoch": 1, "iter": 110, "step": 110}
{"lr": 8.999999999999999e-06, "data_time": 0.012107491493225098, "loss": 2.4045339107513426, "decode.loss_ce": 2.4045339107513426, "decode.acc_seg": 3.8147096633911133, "time": 12.357818937301635, "epoch": 1, "iter": 120, "step": 120}
{"lr": 8.999999999999999e-06, "data_time": 0.01478877067565918, "loss": 2.415133810043335, "decode.loss_ce": 2.415133810043335, "decode.acc_seg": 6.4797468185424805, "time": 12.265239143371582, "epoch": 1, "iter": 130, "step": 130}
{"lr": 8.999999999999999e-06, "data_time": 0.017664313316345215, "loss": 2.511317324638367, "decode.loss_ce": 2.511317324638367, "decode.acc_seg": 3.786835193634033, "time": 12.323176383972168, "epoch": 1, "iter": 140, "step": 140}
{"lr": 8.999999999999999e-06, "data_time": 0.204514479637146, "loss": 2.5095503330230713, "decode.loss_ce": 2.5095503330230713, "decode.acc_seg": 6.8575053215026855, "time": 13.295899748802185, "epoch": 1, "iter": 10, "step": 10}
